<?xml version="1.0" encoding="UTF-8"?>
<itop_design xmlns:xsi="http://www.w3.org/2001/XMLSchema-instance" version="1.0">
  <constants>
  </constants>
  <classes>
    <class id="Model">
      <fields>
         <field id="type" xsi:type="AttributeEnum" _delta="redefine">
          <values>
            <value id="NetworkDevice">NetworkDevice</value>
            <value id="Server">Server</value>
            <value id="SANSwitch">SANSwitch</value>
            <value id="StorageSystem">StorageSystem</value>
            <value id="Rack">Rack</value>
            <value id="Enclosure">Enclosure</value>
            <value id="PC">PC</value>
            <value id="Tablet">Tablet</value>
            <value id="Phone">Phone</value>
            <value id="MobilePhone">MobilePhone</value>
            <value id="Printer">Printer</value>
            <value id="DiskArray">DiskArray</value>
            <value id="NAS">NAS</value>
            <value id="TapeLibrary">TapeLibrary</value>
            <value id="IPPhone">IPPhone</value>
            <value id="Peripheral">Peripheral</value>
            <value id="PowerSource">PowerSource</value>
            <value id="PDU">PDU</value>
            <value id="Monitor">Monitor</value>
          </values>
          <sql>type</sql>
          <default_value/>
          <is_null_allowed>false</is_null_allowed>
          <display_style>list</display_style>
        </field>
      </fields>
   </class>
    <class id="PC">
      <fields>
        <field id="power_id" xsi:type="AttributeExternalKey" _delta="define">
          <filter><![CDATA[SELECT PowerConnection WHERE location_id= :this->location_id]]></filter>
          <dependencies>
            <attribute id="location_id"/>
          </dependencies>
          <sql>power_id</sql>
          <target_class>PowerConnection</target_class>
          <is_null_allowed>true</is_null_allowed>
          <on_target_delete>DEL_MANUAL</on_target_delete>
          <allow_target_creation>false</allow_target_creation>
        </field>
        <field id="power_name" xsi:type="AttributeExternalField" _delta="define">
          <extkey_attcode>power_id</extkey_attcode>
          <target_attcode>name</target_attcode>
        </field>

        <field id="brandmon_id" xsi:type="AttributeExternalKey" _delta="define">
          <sql>brandmon_id</sql>
          <target_class>Brand</target_class>
          <is_null_allowed>true</is_null_allowed>
          <on_target_delete>DEL_MANUAL</on_target_delete>
        </field>
        <field id="brandmon_name" xsi:type="AttributeExternalField" _delta="define">
          <extkey_attcode>brandmon_id</extkey_attcode>
          <target_attcode>name</target_attcode>
        </field>

        <field id="modelmon_id" xsi:type="AttributeExternalKey" _delta="define">
          <filter><![CDATA[SELECT Model WHERE brand_id=:this->brandmon_id AND type='Monitor']]></filter>
          <dependencies>
            <attribute id="brandmon_id"/>
          </dependencies>
          <sql>modelmon_id</sql>
          <target_class>Model</target_class>
          <is_null_allowed>true</is_null_allowed>
          <on_target_delete>DEL_MANUAL</on_target_delete>
        </field>
        <field id="modelmon_name" xsi:type="AttributeExternalField" _delta="define">
          <extkey_attcode>modelmon_id</extkey_attcode>
          <target_attcode>name</target_attcode>
        </field>
        <field id="assetmon_number" xsi:type="AttributeString" _delta="define">
          <sql>assetmon_number</sql>
          <default_value/>
          <is_null_allowed>true</is_null_allowed>
        </field>

      </fields>
      <presentation>
        <details>
          <items>
            <item id="softwares_list">
              <rank>5</rank>
            </item>
            <item id="contacts_list">
              <rank>10</rank>
            </item>
            <item id="documents_list">
              <rank>20</rank>
            </item>
            <item id="tickets_list">
              <rank>30</rank>
            </item>
            <item id="physicalinterface_list">
              <rank>40</rank>
            </item>
            <item id="networkdevice_list">
              <rank>50</rank>
            </item>
            <item id="providercontracts_list">
              <rank>60</rank>
            </item>
            <item id="services_list">
              <rank>70</rank>
            </item>
            <item id="col:col1">
              <rank>80</rank>
              <items>
                <item id="fieldset:Server:baseinfo">
                  <rank>10</rank>
                  <items>
                    <item id="name">
                      <rank>10</rank>
                    </item>
                    <item id="org_id">
                      <rank>20</rank>
                    </item>
                    <item id="status">
                      <rank>30</rank>
                    </item>
                    <item id="business_criticity">
                     <rank>40</rank>
                    </item>
                    <item id="location_id">
                      <rank>50</rank>
                    </item>
                  </items>
                </item>
                <item id="fieldset:Server:moreinfo">
                  <rank>20</rank>
                  <items>
                    <item id="brand_id">
                      <rank>10</rank>
                    </item>
                    <item id="model_id">
                      <rank>20</rank>
                    </item>
                    <item id="osfamily_id">
                      <rank>30</rank>
                    </item>
                    <item id="osversion_id">
                      <rank>40</rank>
                    </item>
                    <item id="type">
                      <rank>50</rank>
                    </item>
                    <item id="cpu">
                      <rank>60</rank>
                    </item>
                    <item id="ram">
                      <rank>70</rank>
                    </item>
                    <item id="serialnumber">
                      <rank>80</rank>
                    </item>
                    <item id="asset_number">
                      <rank>90</rank>
                    </item>
                    <item id="power_id">
                      <rank>100</rank>
                    </item>
                  </items>
                </item>
              </items>
            </item>
            <item id="col:col2">
              <rank>90</rank>
              <items>
                <item id="fieldset:Server:Date">
                  <rank>10</rank>
                  <items>
                    <item id="move2production">
                      <rank>10</rank>
                    </item>
                    <item id="purchase_date">
                      <rank>20</rank>
                    </item>
                    <item id="end_of_warranty">
                      <rank>30</rank>
                    </item>
                  </items>
                </item>
                <item id="fieldset:Server:otherinfo">
                  <rank>20</rank>
                  <items>
                    <item id="description">
                      <rank>10</rank>
                    </item>
                    <item id="brandmon_id">
                      <rank>20</rank>
                    </item>
                    <item id="modelmon_id">
                      <rank>30</rank>
                    </item>
                    <item id="assetmon_number">
                      <rank>40</rank>
                    </item>
                  </items>
                </item>
              </items>
            </item>
          </items>
        </details>
      </presentation>
     </class>
  </classes>
  <user_rights>
    <groups>
    </groups>
    <profiles>
    </profiles>
  </user_rights>
</itop_design>
